"governorate","district","lsg_education","lsg_livelihoods","lsg_food","lsg_health","lsg_protection","lsg_snfi","lsg_wash","lsg_all","capacity_gap"
"","","Vulnerability","Vulnerability","Vulnerability","Vulnerability","Vulnerability","Vulnerability","Vulnerability","Vulnerability","Vulnerability"
"","","% of single female-headed households (separated, divorced, widowed) ","% of single female-headed households (separated, divorced, widowed) ","% of single female-headed households (separated, divorced, widowed) ","% of single female-headed households (separated, divorced, widowed) ","% of single female-headed households (separated, divorced, widowed) ","% of single female-headed households (separated, divorced, widowed) ","% of single female-headed households (separated, divorced, widowed) ","% of single female-headed households (separated, divorced, widowed) ","% of single female-headed households (separated, divorced, widowed) "
"","","with LSG in Education","with LSG in Livelihoods","with LSG in Food Security","with LSG in Health","with LSG in Protection","with LSG in Shelter","with LSG in WASH","with at least one LSG","with Capacity Gap"
"","","categorical","categorical","categorical","categorical","categorical","categorical","categorical","categorical","categorical"
NA,NA,"0.160273758549533","0.713739072124422","0.0552916124624846","0.139211167921501","0.514404186854078","0.228913616354231","0.125390760650419","0.913936199434529","0.676551612634995"
