"governorate","district","lsg_education","lsg_livelihoods","lsg_food","lsg_health","lsg_protection","lsg_snfi","lsg_wash","lsg_all","capacity_gap"
"","","Vulnerability","Vulnerability","Vulnerability","Vulnerability","Vulnerability","Vulnerability","Vulnerability","Vulnerability","Vulnerability"
"","","% HH with at least one individual with a chronic health condition","% HH with at least one individual with a chronic health condition","% HH with at least one individual with a chronic health condition","% HH with at least one individual with a chronic health condition","% HH with at least one individual with a chronic health condition","% HH with at least one individual with a chronic health condition","% HH with at least one individual with a chronic health condition","% HH with at least one individual with a chronic health condition","% HH with at least one individual with a chronic health condition"
"","","with LSG in Education","with LSG in Livelihoods","with LSG in Food Security","with LSG in Health","with LSG in Protection","with LSG in Shelter","with LSG in WASH","with at least one LSG","with Capacity Gap"
"","","categorical","categorical","categorical","categorical","categorical","categorical","categorical","categorical","categorical"
NA,NA,"0.142953614592922","0.668975284120308","0.0404490198828308","0.192449186857032","0.543036710183011","0.212086733747228","0.165320432923891","0.906838935101408","0.624676615344314"
