"governorate","district","lsg_education","lsg_livelihoods","lsg_food","lsg_health","lsg_protection","lsg_snfi","lsg_wash","lsg_all","capacity_gap"
"","","Vulnerability","Vulnerability","Vulnerability","Vulnerability","Vulnerability","Vulnerability","Vulnerability","Vulnerability","Vulnerability"
"","","% of household members with disability  (""lots of difficulty"" or ""cannot do at all"" one of the following activities: seeing, hearing, walking/climbing steps, remembering/concerntrating, self-care, communicating)","% of household members with disability  (""lots of difficulty"" or ""cannot do at all"" one of the following activities: seeing, hearing, walking/climbing steps, remembering/concerntrating, self-care, communicating)","% of household members with disability  (""lots of difficulty"" or ""cannot do at all"" one of the following activities: seeing, hearing, walking/climbing steps, remembering/concerntrating, self-care, communicating)","% of household members with disability  (""lots of difficulty"" or ""cannot do at all"" one of the following activities: seeing, hearing, walking/climbing steps, remembering/concerntrating, self-care, communicating)","% of household members with disability  (""lots of difficulty"" or ""cannot do at all"" one of the following activities: seeing, hearing, walking/climbing steps, remembering/concerntrating, self-care, communicating)","% of household members with disability  (""lots of difficulty"" or ""cannot do at all"" one of the following activities: seeing, hearing, walking/climbing steps, remembering/concerntrating, self-care, communicating)","% of household members with disability  (""lots of difficulty"" or ""cannot do at all"" one of the following activities: seeing, hearing, walking/climbing steps, remembering/concerntrating, self-care, communicating)","% of household members with disability  (""lots of difficulty"" or ""cannot do at all"" one of the following activities: seeing, hearing, walking/climbing steps, remembering/concerntrating, self-care, communicating)","% of household members with disability  (""lots of difficulty"" or ""cannot do at all"" one of the following activities: seeing, hearing, walking/climbing steps, remembering/concerntrating, self-care, communicating)"
"","","with LSG in Education","with LSG in Livelihoods","with LSG in Food Security","with LSG in Health","with LSG in Protection","with LSG in Shelter","with LSG in WASH","with at least one LSG","with Capacity Gap"
"","","categorical","categorical","categorical","categorical","categorical","categorical","categorical","categorical","categorical"
NA,NA,"0.21854878606486","0.726675350839704","0.0620685777135486","0.438968084599474","0.603991460642294","0.270873181681313","0.152611174962402","0.966707647091665","0.711478039100258"
