"governorate","district","lsg_education","lsg_livelihoods","lsg_food","lsg_health","lsg_protection","lsg_snfi","lsg_wash","lsg_all","capacity_gap"
"","","Vulnerability","Vulnerability","Vulnerability","Vulnerability","Vulnerability","Vulnerability","Vulnerability","Vulnerability","Vulnerability"
"","","% of households without access to soap","% of households without access to soap","% of households without access to soap","% of households without access to soap","% of households without access to soap","% of households without access to soap","% of households without access to soap","% of households without access to soap","% of households without access to soap"
"","","with LSG in Education","with LSG in Livelihoods","with LSG in Food Security","with LSG in Health","with LSG in Protection","with LSG in Shelter","with LSG in WASH","with at least one LSG","with Capacity Gap"
"","","categorical","categorical","categorical","categorical","categorical","categorical","categorical","categorical","categorical"
NA,NA,"0.154092546262587","0.762233284871054","0.0657716463024699","0.139513372963428","0.351487765249099","0.213201489684738","0.190432601233629","0.967051520198075","0.733225159638972"
