"governorate","district","lsg_education","lsg_livelihoods","lsg_food","lsg_health","lsg_protection","lsg_snfi","lsg_wash","lsg_all","capacity_gap"
"","","Vulnerability","Vulnerability","Vulnerability","Vulnerability","Vulnerability","Vulnerability","Vulnerability","Vulnerability","Vulnerability"
"","","% HH missing at least one key household or individual document ","% HH missing at least one key household or individual document ","% HH missing at least one key household or individual document ","% HH missing at least one key household or individual document ","% HH missing at least one key household or individual document ","% HH missing at least one key household or individual document ","% HH missing at least one key household or individual document ","% HH missing at least one key household or individual document ","% HH missing at least one key household or individual document "
"","","with LSG in Education","with LSG in Livelihoods","with LSG in Food Security","with LSG in Health","with LSG in Protection","with LSG in Shelter","with LSG in WASH","with at least one LSG","with Capacity Gap"
"","","categorical","categorical","categorical","categorical","categorical","categorical","categorical","categorical","categorical"
NA,NA,"0.12271937672207","0.927302690499678","0.0315860086408108","0.317154289373563","1","0.376810715598928","0.166976128597308","1","0.635510726457527"
