"governorate","district","lsg_education","lsg_livelihoods","lsg_food","lsg_health","lsg_protection","lsg_snfi","lsg_wash","lsg_all","capacity_gap"
"","","Vulnerability","Vulnerability","Vulnerability","Vulnerability","Vulnerability","Vulnerability","Vulnerability","Vulnerability","Vulnerability"
"","","% of households not intending to return to their AoO because of security/safety-related concerns","% of households not intending to return to their AoO because of security/safety-related concerns","% of households not intending to return to their AoO because of security/safety-related concerns","% of households not intending to return to their AoO because of security/safety-related concerns","% of households not intending to return to their AoO because of security/safety-related concerns","% of households not intending to return to their AoO because of security/safety-related concerns","% of households not intending to return to their AoO because of security/safety-related concerns","% of households not intending to return to their AoO because of security/safety-related concerns","% of households not intending to return to their AoO because of security/safety-related concerns"
"","","with LSG in Education","with LSG in Livelihoods","with LSG in Food Security","with LSG in Health","with LSG in Protection","with LSG in Shelter","with LSG in WASH","with at least one LSG","with Capacity Gap"
"","","categorical","categorical","categorical","categorical","categorical","categorical","categorical","categorical","categorical"
NA,NA,"0.284941755398581","0.932492564166963","0.0759720017342043","0.296599928191011","0.409456480795129","0.560320026005976","0.130856030917227","0.955673231896913","0.802276398739115"
