"governorate","district","lsg_education","lsg_livelihoods","lsg_food","lsg_health","lsg_protection","lsg_snfi","lsg_wash","lsg_all","capacity_gap"
"","","Vulnerability","Vulnerability","Vulnerability","Vulnerability","Vulnerability","Vulnerability","Vulnerability","Vulnerability","Vulnerability"
"","","% of households without access to soap","% of households without access to soap","% of HH with at least one member above the age of 60","% of households without access to soap","% of HH with at least one member above the age of 60","% of households without access to soap","% of HH with at least one member above the age of 60","% of households without access to soap","% of HH with at least one member above the age of 60"
"","","with LSG in Education","with LSG in Livelihoods","with LSG in Food Security","with LSG in Health","with LSG in Protection","with LSG in Shelter","with LSG in WASH","with at least one LSG","with Capacity Gap"
"","","categorical","categorical","categorical","categorical","categorical","categorical","categorical","categorical","categorical"
NA,NA,"0.174686916908875","0.781531968853613","0.03468697728116","0.333226350770569","0.463853010207297","0.420503617130881","0.144990234502596","0.935204833344624","0.578241162349931"
