"governorate","district","lsg_education","lsg_livelihoods","lsg_food","lsg_health","lsg_protection","lsg_snfi","lsg_wash","lsg_all","capacity_gap"
"","","Vulnerability","Vulnerability","Vulnerability","Vulnerability","Vulnerability","Vulnerability","Vulnerability","Vulnerability","Vulnerability"
"","","% of single female-headed households (separated, divorced, widowed) ","% of single female-headed households (separated, divorced, widowed) ","% of single female-headed households (separated, divorced, widowed) ","% of single female-headed households (separated, divorced, widowed) ","% of single female-headed households (separated, divorced, widowed) ","% of single female-headed households (separated, divorced, widowed) ","% of single female-headed households (separated, divorced, widowed) ","% of single female-headed households (separated, divorced, widowed) ","% of single female-headed households (separated, divorced, widowed) "
"","","with LSG in Education","with LSG in Livelihoods","with LSG in Food Security","with LSG in Health","with LSG in Protection","with LSG in Shelter","with LSG in WASH","with at least one LSG","with Capacity Gap"
"","","categorical","categorical","categorical","categorical","categorical","categorical","categorical","categorical","categorical"
NA,NA,"0.173731569695067","0.739985907450458","0.054791741563013","0.252068411395589","0.528113947527362","0.474912766589601","0.12763504749352","0.926592531629743","0.679122312775739"
