"governorate","district","lsg_education","lsg_livelihoods","lsg_food","lsg_health","lsg_protection","lsg_snfi","lsg_wash","lsg_all","capacity_gap"
"","","Vulnerability","Vulnerability","Vulnerability","Vulnerability","Vulnerability","Vulnerability","Vulnerability","Vulnerability","Vulnerability"
"","","% of household members with disability  (""lots of difficulty"" or ""cannot do at all"" one of the following activities: seeing, hearing, walking/climbing steps, remembering/concerntrating, self-care, communicating)","% of household members with disability  (""lots of difficulty"" or ""cannot do at all"" one of the following activities: seeing, hearing, walking/climbing steps, remembering/concerntrating, self-care, communicating)","% of household members with disability  (""lots of difficulty"" or ""cannot do at all"" one of the following activities: seeing, hearing, walking/climbing steps, remembering/concerntrating, self-care, communicating)","% of household members with disability  (""lots of difficulty"" or ""cannot do at all"" one of the following activities: seeing, hearing, walking/climbing steps, remembering/concerntrating, self-care, communicating)","% of household members with disability  (""lots of difficulty"" or ""cannot do at all"" one of the following activities: seeing, hearing, walking/climbing steps, remembering/concerntrating, self-care, communicating)","% of household members with disability  (""lots of difficulty"" or ""cannot do at all"" one of the following activities: seeing, hearing, walking/climbing steps, remembering/concerntrating, self-care, communicating)","% of household members with disability  (""lots of difficulty"" or ""cannot do at all"" one of the following activities: seeing, hearing, walking/climbing steps, remembering/concerntrating, self-care, communicating)","% of household members with disability  (""lots of difficulty"" or ""cannot do at all"" one of the following activities: seeing, hearing, walking/climbing steps, remembering/concerntrating, self-care, communicating)","% of household members with disability  (""lots of difficulty"" or ""cannot do at all"" one of the following activities: seeing, hearing, walking/climbing steps, remembering/concerntrating, self-care, communicating)"
"","","with LSG in Education","with LSG in Livelihoods","with LSG in Food Security","with LSG in Health","with LSG in Protection","with LSG in Shelter","with LSG in WASH","with at least one LSG","with Capacity Gap"
"","","categorical","categorical","categorical","categorical","categorical","categorical","categorical","categorical","categorical"
NA,NA,"0.263590759494434","0.90559000668034","0.0620685777135486","0.540368894465443","0.610969815044565","0.538479198167538","0.152611174962402","0.987385011804919","0.711478039100258"
